0,712,680,10000,226703694,50000000000,49773296306,0,NO_ONGOING,slot=2;src=712;dst=680;rate_mbps=0.005;flow_size_byte=10000;packet_lambda_per_s=None;packet_size_byte=1500;lambda_mode=flow_per_pair_rate_mbps
1,703,664,10000,378087949,50000000000,49621912051,0,NO_ONGOING,slot=3;src=703;dst=664;rate_mbps=0.005;flow_size_byte=10000;packet_lambda_per_s=None;packet_size_byte=1500;lambda_mode=flow_per_pair_rate_mbps
2,665,701,10000,921442202,50000000000,49078557798,0,NO_ONGOING,slot=9;src=665;dst=701;rate_mbps=0.005;flow_size_byte=10000;packet_lambda_per_s=None;packet_size_byte=1500;lambda_mode=flow_per_pair_rate_mbps
3,641,670,10000,1288775791,50000000000,48711224209,4140,NO_ONGOING,slot=12;src=641;dst=670;rate_mbps=0.005;flow_size_byte=10000;packet_lambda_per_s=None;packet_size_byte=1500;lambda_mode=flow_per_pair_rate_mbps
4,625,660,10000,1453893943,50000000000,48546106057,0,NO_ONGOING,slot=14;src=625;dst=660;rate_mbps=0.005;flow_size_byte=10000;packet_lambda_per_s=None;packet_size_byte=1500;lambda_mode=flow_per_pair_rate_mbps
5,634,628,10000,1560777427,50000000000,48439222573,0,NO_ONGOING,slot=15;src=634;dst=628;rate_mbps=0.005;flow_size_byte=10000;packet_lambda_per_s=None;packet_size_byte=1500;lambda_mode=flow_per_pair_rate_mbps
6,633,723,10000,1687370314,50000000000,48312629686,0,NO_ONGOING,slot=16;src=633;dst=723;rate_mbps=0.005;flow_size_byte=10000;packet_lambda_per_s=None;packet_size_byte=1500;lambda_mode=flow_per_pair_rate_mbps
7,684,639,10000,2054147526,50000000000,47945852474,0,NO_ONGOING,slot=20;src=684;dst=639;rate_mbps=0.005;flow_size_byte=10000;packet_lambda_per_s=None;packet_size_byte=1500;lambda_mode=flow_per_pair_rate_mbps
8,665,701,10000,2064546921,50000000000,47935453079,0,NO_ONGOING,slot=20;src=665;dst=701;rate_mbps=0.005;flow_size_byte=10000;packet_lambda_per_s=None;packet_size_byte=1500;lambda_mode=flow_per_pair_rate_mbps
9,717,675,10000,2365673360,28052627959,25686954599,10000,YES,slot=23;src=717;dst=675;rate_mbps=0.005;flow_size_byte=10000;packet_lambda_per_s=None;packet_size_byte=1500;lambda_mode=flow_per_pair_rate_mbps
10,657,671,10000,2403319392,50000000000,47596680608,0,NO_ONGOING,slot=24;src=657;dst=671;rate_mbps=0.005;flow_size_byte=10000;packet_lambda_per_s=None;packet_size_byte=1500;lambda_mode=flow_per_pair_rate_mbps
11,625,660,10000,2471518539,50000000000,47528481461,0,NO_ONGOING,slot=24;src=625;dst=660;rate_mbps=0.005;flow_size_byte=10000;packet_lambda_per_s=None;packet_size_byte=1500;lambda_mode=flow_per_pair_rate_mbps
12,698,663,10000,2632587234,7661752306,5029165072,10000,YES,slot=26;src=698;dst=663;rate_mbps=0.005;flow_size_byte=10000;packet_lambda_per_s=None;packet_size_byte=1500;lambda_mode=flow_per_pair_rate_mbps
13,722,706,10000,2725673680,50000000000,47274326320,0,NO_ONGOING,slot=27;src=722;dst=706;rate_mbps=0.005;flow_size_byte=10000;packet_lambda_per_s=None;packet_size_byte=1500;lambda_mode=flow_per_pair_rate_mbps
14,641,670,10000,2909107429,50000000000,47090892571,4140,NO_ONGOING,slot=29;src=641;dst=670;rate_mbps=0.005;flow_size_byte=10000;packet_lambda_per_s=None;packet_size_byte=1500;lambda_mode=flow_per_pair_rate_mbps
15,648,713,10000,2950551420,50000000000,47049448580,0,NO_ONGOING,slot=29;src=648;dst=713;rate_mbps=0.005;flow_size_byte=10000;packet_lambda_per_s=None;packet_size_byte=1500;lambda_mode=flow_per_pair_rate_mbps
16,693,686,10000,3112738800,50000000000,46887261200,0,NO_ONGOING,slot=31;src=693;dst=686;rate_mbps=0.005;flow_size_byte=10000;packet_lambda_per_s=None;packet_size_byte=1500;lambda_mode=flow_per_pair_rate_mbps
17,666,691,10000,3203010206,50000000000,46796989794,0,NO_ONGOING,slot=32;src=666;dst=691;rate_mbps=0.005;flow_size_byte=10000;packet_lambda_per_s=None;packet_size_byte=1500;lambda_mode=flow_per_pair_rate_mbps
18,705,690,10000,3501705381,4033761625,532056244,10000,YES,slot=35;src=705;dst=690;rate_mbps=0.005;flow_size_byte=10000;packet_lambda_per_s=None;packet_size_byte=1500;lambda_mode=flow_per_pair_rate_mbps
19,629,655,10000,3866771031,3896490636,29719605,10000,YES,slot=38;src=629;dst=655;rate_mbps=0.005;flow_size_byte=10000;packet_lambda_per_s=None;packet_size_byte=1500;lambda_mode=flow_per_pair_rate_mbps
20,633,723,10000,3878154547,50000000000,46121845453,0,NO_ONGOING,slot=38;src=633;dst=723;rate_mbps=0.005;flow_size_byte=10000;packet_lambda_per_s=None;packet_size_byte=1500;lambda_mode=flow_per_pair_rate_mbps
21,626,659,10000,3899303267,50000000000,46100696733,0,NO_ONGOING,slot=38;src=626;dst=659;rate_mbps=0.005;flow_size_byte=10000;packet_lambda_per_s=None;packet_size_byte=1500;lambda_mode=flow_per_pair_rate_mbps
22,643,672,10000,4292219579,50000000000,45707780421,0,NO_ONGOING,slot=42;src=643;dst=672;rate_mbps=0.005;flow_size_byte=10000;packet_lambda_per_s=None;packet_size_byte=1500;lambda_mode=flow_per_pair_rate_mbps
23,655,629,10000,4355643515,4385389659,29746144,10000,YES,slot=43;src=655;dst=629;rate_mbps=0.005;flow_size_byte=10000;packet_lambda_per_s=None;packet_size_byte=1500;lambda_mode=flow_per_pair_rate_mbps
24,676,699,10000,4413560641,50000000000,45586439359,8280,NO_ONGOING,slot=44;src=676;dst=699;rate_mbps=0.005;flow_size_byte=10000;packet_lambda_per_s=None;packet_size_byte=1500;lambda_mode=flow_per_pair_rate_mbps
25,722,706,10000,5160929287,50000000000,44839070713,0,NO_ONGOING,slot=51;src=722;dst=706;rate_mbps=0.005;flow_size_byte=10000;packet_lambda_per_s=None;packet_size_byte=1500;lambda_mode=flow_per_pair_rate_mbps
26,680,712,10000,5193228328,50000000000,44806771672,0,NO_ONGOING,slot=51;src=680;dst=712;rate_mbps=0.005;flow_size_byte=10000;packet_lambda_per_s=None;packet_size_byte=1500;lambda_mode=flow_per_pair_rate_mbps
27,716,662,10000,5307354259,50000000000,44692645741,0,NO_ONGOING,slot=53;src=716;dst=662;rate_mbps=0.005;flow_size_byte=10000;packet_lambda_per_s=None;packet_size_byte=1500;lambda_mode=flow_per_pair_rate_mbps
28,635,710,10000,5353724768,5394130197,40405429,10000,YES,slot=53;src=635;dst=710;rate_mbps=0.005;flow_size_byte=10000;packet_lambda_per_s=None;packet_size_byte=1500;lambda_mode=flow_per_pair_rate_mbps
29,654,709,10000,5525898842,50000000000,44474101158,0,NO_ONGOING,slot=55;src=654;dst=709;rate_mbps=0.005;flow_size_byte=10000;packet_lambda_per_s=None;packet_size_byte=1500;lambda_mode=flow_per_pair_rate_mbps
30,715,677,10000,5600773671,50000000000,44399226329,0,NO_ONGOING,slot=56;src=715;dst=677;rate_mbps=0.005;flow_size_byte=10000;packet_lambda_per_s=None;packet_size_byte=1500;lambda_mode=flow_per_pair_rate_mbps
31,696,669,10000,6053548469,50000000000,43946451531,0,NO_ONGOING,slot=60;src=696;dst=669;rate_mbps=0.005;flow_size_byte=10000;packet_lambda_per_s=None;packet_size_byte=1500;lambda_mode=flow_per_pair_rate_mbps
32,721,636,10000,6086673919,50000000000,43913326081,0,NO_ONGOING,slot=60;src=721;dst=636;rate_mbps=0.005;flow_size_byte=10000;packet_lambda_per_s=None;packet_size_byte=1500;lambda_mode=flow_per_pair_rate_mbps
33,710,635,10000,6233807005,6264765934,30958929,10000,YES,slot=62;src=710;dst=635;rate_mbps=0.005;flow_size_byte=10000;packet_lambda_per_s=None;packet_size_byte=1500;lambda_mode=flow_per_pair_rate_mbps
34,655,629,10000,6416822157,6456430602,39608445,10000,YES,slot=64;src=655;dst=629;rate_mbps=0.005;flow_size_byte=10000;packet_lambda_per_s=None;packet_size_byte=1500;lambda_mode=flow_per_pair_rate_mbps
35,704,700,10000,6561963063,50000000000,43438036937,0,NO_ONGOING,slot=65;src=704;dst=700;rate_mbps=0.005;flow_size_byte=10000;packet_lambda_per_s=None;packet_size_byte=1500;lambda_mode=flow_per_pair_rate_mbps
36,644,687,10000,7348568628,50000000000,42651431372,0,NO_ONGOING,slot=73;src=644;dst=687;rate_mbps=0.005;flow_size_byte=10000;packet_lambda_per_s=None;packet_size_byte=1500;lambda_mode=flow_per_pair_rate_mbps
37,657,671,10000,7622580530,50000000000,42377419470,0,NO_ONGOING,slot=76;src=657;dst=671;rate_mbps=0.005;flow_size_byte=10000;packet_lambda_per_s=None;packet_size_byte=1500;lambda_mode=flow_per_pair_rate_mbps
38,651,689,10000,7792384323,50000000000,42207615677,0,NO_ONGOING,slot=77;src=651;dst=689;rate_mbps=0.005;flow_size_byte=10000;packet_lambda_per_s=None;packet_size_byte=1500;lambda_mode=flow_per_pair_rate_mbps
39,674,673,10000,7865629039,50000000000,42134370961,5520,NO_ONGOING,slot=78;src=674;dst=673;rate_mbps=0.005;flow_size_byte=10000;packet_lambda_per_s=None;packet_size_byte=1500;lambda_mode=flow_per_pair_rate_mbps
40,690,705,10000,8034175419,11584513008,3550337589,10000,YES,slot=80;src=690;dst=705;rate_mbps=0.005;flow_size_byte=10000;packet_lambda_per_s=None;packet_size_byte=1500;lambda_mode=flow_per_pair_rate_mbps
41,657,671,10000,8176704288,50000000000,41823295712,0,NO_ONGOING,slot=81;src=657;dst=671;rate_mbps=0.005;flow_size_byte=10000;packet_lambda_per_s=None;packet_size_byte=1500;lambda_mode=flow_per_pair_rate_mbps
42,687,644,10000,8410166128,50000000000,41589833872,0,NO_ONGOING,slot=84;src=687;dst=644;rate_mbps=0.005;flow_size_byte=10000;packet_lambda_per_s=None;packet_size_byte=1500;lambda_mode=flow_per_pair_rate_mbps
43,718,679,10000,8480884905,15536523659,7055638754,10000,YES,slot=84;src=718;dst=679;rate_mbps=0.005;flow_size_byte=10000;packet_lambda_per_s=None;packet_size_byte=1500;lambda_mode=flow_per_pair_rate_mbps
44,710,635,10000,8507169896,8553641881,46471985,10000,YES,slot=85;src=710;dst=635;rate_mbps=0.005;flow_size_byte=10000;packet_lambda_per_s=None;packet_size_byte=1500;lambda_mode=flow_per_pair_rate_mbps
45,718,679,10000,8534272675,9869341356,1335068681,10000,YES,slot=85;src=718;dst=679;rate_mbps=0.005;flow_size_byte=10000;packet_lambda_per_s=None;packet_size_byte=1500;lambda_mode=flow_per_pair_rate_mbps
46,677,715,10000,8698389138,50000000000,41301610862,0,NO_ONGOING,slot=86;src=677;dst=715;rate_mbps=0.005;flow_size_byte=10000;packet_lambda_per_s=None;packet_size_byte=1500;lambda_mode=flow_per_pair_rate_mbps
47,676,699,10000,8743665548,50000000000,41256334452,0,NO_ONGOING,slot=87;src=676;dst=699;rate_mbps=0.005;flow_size_byte=10000;packet_lambda_per_s=None;packet_size_byte=1500;lambda_mode=flow_per_pair_rate_mbps
48,708,632,10000,8897029423,50000000000,41102970577,0,NO_ONGOING,slot=88;src=708;dst=632;rate_mbps=0.005;flow_size_byte=10000;packet_lambda_per_s=None;packet_size_byte=1500;lambda_mode=flow_per_pair_rate_mbps
49,645,720,10000,9060120220,50000000000,40939879780,0,NO_ONGOING,slot=90;src=645;dst=720;rate_mbps=0.005;flow_size_byte=10000;packet_lambda_per_s=None;packet_size_byte=1500;lambda_mode=flow_per_pair_rate_mbps
50,688,695,10000,9441735388,18981067603,9539332215,10000,YES,slot=94;src=688;dst=695;rate_mbps=0.005;flow_size_byte=10000;packet_lambda_per_s=None;packet_size_byte=1500;lambda_mode=flow_per_pair_rate_mbps
51,687,644,10000,9443560705,50000000000,40556439295,0,NO_ONGOING,slot=94;src=687;dst=644;rate_mbps=0.005;flow_size_byte=10000;packet_lambda_per_s=None;packet_size_byte=1500;lambda_mode=flow_per_pair_rate_mbps
52,696,669,10000,9916917321,50000000000,40083082679,0,NO_ONGOING,slot=99;src=696;dst=669;rate_mbps=0.005;flow_size_byte=10000;packet_lambda_per_s=None;packet_size_byte=1500;lambda_mode=flow_per_pair_rate_mbps
53,712,680,10000,10152237014,50000000000,39847762986,0,NO_ONGOING,slot=101;src=712;dst=680;rate_mbps=0.005;flow_size_byte=10000;packet_lambda_per_s=None;packet_size_byte=1500;lambda_mode=flow_per_pair_rate_mbps
54,685,661,10000,10290989768,50000000000,39709010232,4140,NO_ONGOING,slot=102;src=685;dst=661;rate_mbps=0.005;flow_size_byte=10000;packet_lambda_per_s=None;packet_size_byte=1500;lambda_mode=flow_per_pair_rate_mbps
55,668,692,10000,10445702698,43716085703,33270383005,10000,YES,slot=104;src=668;dst=692;rate_mbps=0.005;flow_size_byte=10000;packet_lambda_per_s=None;packet_size_byte=1500;lambda_mode=flow_per_pair_rate_mbps
56,658,649,10000,10768600550,50000000000,39231399450,2760,NO_ONGOING,slot=107;src=658;dst=649;rate_mbps=0.005;flow_size_byte=10000;packet_lambda_per_s=None;packet_size_byte=1500;lambda_mode=flow_per_pair_rate_mbps
57,660,625,10000,11102109704,33602517916,22500408212,10000,YES,slot=111;src=660;dst=625;rate_mbps=0.005;flow_size_byte=10000;packet_lambda_per_s=None;packet_size_byte=1500;lambda_mode=flow_per_pair_rate_mbps
58,705,690,10000,11127517942,25433704139,14306186197,10000,YES,slot=111;src=705;dst=690;rate_mbps=0.005;flow_size_byte=10000;packet_lambda_per_s=None;packet_size_byte=1500;lambda_mode=flow_per_pair_rate_mbps
59,675,717,10000,11474635381,32628636788,21154001407,10000,YES,slot=114;src=675;dst=717;rate_mbps=0.005;flow_size_byte=10000;packet_lambda_per_s=None;packet_size_byte=1500;lambda_mode=flow_per_pair_rate_mbps
60,658,649,10000,11793691352,50000000000,38206308648,0,NO_ONGOING,slot=117;src=658;dst=649;rate_mbps=0.005;flow_size_byte=10000;packet_lambda_per_s=None;packet_size_byte=1500;lambda_mode=flow_per_pair_rate_mbps
61,719,627,10000,12054057011,50000000000,37945942989,0,NO_ONGOING,slot=120;src=719;dst=627;rate_mbps=0.005;flow_size_byte=10000;packet_lambda_per_s=None;packet_size_byte=1500;lambda_mode=flow_per_pair_rate_mbps
62,713,648,10000,12082125331,50000000000,37917874669,0,NO_ONGOING,slot=120;src=713;dst=648;rate_mbps=0.005;flow_size_byte=10000;packet_lambda_per_s=None;packet_size_byte=1500;lambda_mode=flow_per_pair_rate_mbps
63,635,710,10000,12187013072,12634565192,447552120,10000,YES,slot=121;src=635;dst=710;rate_mbps=0.005;flow_size_byte=10000;packet_lambda_per_s=None;packet_size_byte=1500;lambda_mode=flow_per_pair_rate_mbps
64,669,696,10000,12189017576,50000000000,37810982424,1380,NO_ONGOING,slot=121;src=669;dst=696;rate_mbps=0.005;flow_size_byte=10000;packet_lambda_per_s=None;packet_size_byte=1500;lambda_mode=flow_per_pair_rate_mbps
65,633,723,10000,12269797732,50000000000,37730202268,0,NO_ONGOING,slot=122;src=633;dst=723;rate_mbps=0.005;flow_size_byte=10000;packet_lambda_per_s=None;packet_size_byte=1500;lambda_mode=flow_per_pair_rate_mbps
66,651,689,10000,12284358313,50000000000,37715641687,1380,NO_ONGOING,slot=122;src=651;dst=689;rate_mbps=0.005;flow_size_byte=10000;packet_lambda_per_s=None;packet_size_byte=1500;lambda_mode=flow_per_pair_rate_mbps
67,694,714,10000,12616693373,50000000000,37383306627,0,NO_ONGOING,slot=126;src=694;dst=714;rate_mbps=0.005;flow_size_byte=10000;packet_lambda_per_s=None;packet_size_byte=1500;lambda_mode=flow_per_pair_rate_mbps
68,685,661,10000,12740825138,50000000000,37259174862,9660,NO_ONGOING,slot=127;src=685;dst=661;rate_mbps=0.005;flow_size_byte=10000;packet_lambda_per_s=None;packet_size_byte=1500;lambda_mode=flow_per_pair_rate_mbps
69,681,724,10000,13001837430,50000000000,36998162570,1380,NO_ONGOING,slot=130;src=681;dst=724;rate_mbps=0.005;flow_size_byte=10000;packet_lambda_per_s=None;packet_size_byte=1500;lambda_mode=flow_per_pair_rate_mbps
70,719,627,10000,13063219042,50000000000,36936780958,1380,NO_ONGOING,slot=130;src=719;dst=627;rate_mbps=0.005;flow_size_byte=10000;packet_lambda_per_s=None;packet_size_byte=1500;lambda_mode=flow_per_pair_rate_mbps
71,634,628,10000,13131217188,50000000000,36868782812,6900,NO_ONGOING,slot=131;src=634;dst=628;rate_mbps=0.005;flow_size_byte=10000;packet_lambda_per_s=None;packet_size_byte=1500;lambda_mode=flow_per_pair_rate_mbps
72,684,639,10000,13932926349,50000000000,36067073651,0,NO_ONGOING,slot=139;src=684;dst=639;rate_mbps=0.005;flow_size_byte=10000;packet_lambda_per_s=None;packet_size_byte=1500;lambda_mode=flow_per_pair_rate_mbps
73,638,652,10000,14167110595,50000000000,35832889405,2760,NO_ONGOING,slot=141;src=638;dst=652;rate_mbps=0.005;flow_size_byte=10000;packet_lambda_per_s=None;packet_size_byte=1500;lambda_mode=flow_per_pair_rate_mbps
74,649,658,10000,14172675572,50000000000,35827324428,1380,NO_ONGOING,slot=141;src=649;dst=658;rate_mbps=0.005;flow_size_byte=10000;packet_lambda_per_s=None;packet_size_byte=1500;lambda_mode=flow_per_pair_rate_mbps
75,700,704,10000,14264534349,50000000000,35735465651,0,NO_ONGOING,slot=142;src=700;dst=704;rate_mbps=0.005;flow_size_byte=10000;packet_lambda_per_s=None;packet_size_byte=1500;lambda_mode=flow_per_pair_rate_mbps
76,713,648,10000,14368441088,50000000000,35631558912,0,NO_ONGOING,slot=143;src=713;dst=648;rate_mbps=0.005;flow_size_byte=10000;packet_lambda_per_s=None;packet_size_byte=1500;lambda_mode=flow_per_pair_rate_mbps
77,692,668,10000,14435692043,30226354606,15790662563,10000,YES,slot=144;src=692;dst=668;rate_mbps=0.005;flow_size_byte=10000;packet_lambda_per_s=None;packet_size_byte=1500;lambda_mode=flow_per_pair_rate_mbps
78,642,630,10000,14519879110,50000000000,35480120890,0,NO_ONGOING,slot=145;src=642;dst=630;rate_mbps=0.005;flow_size_byte=10000;packet_lambda_per_s=None;packet_size_byte=1500;lambda_mode=flow_per_pair_rate_mbps
79,723,633,10000,14578844926,50000000000,35421155074,0,NO_ONGOING,slot=145;src=723;dst=633;rate_mbps=0.005;flow_size_byte=10000;packet_lambda_per_s=None;packet_size_byte=1500;lambda_mode=flow_per_pair_rate_mbps
80,629,655,10000,14580615552,14610998822,30383270,10000,YES,slot=145;src=629;dst=655;rate_mbps=0.005;flow_size_byte=10000;packet_lambda_per_s=None;packet_size_byte=1500;lambda_mode=flow_per_pair_rate_mbps
81,682,631,10000,14651735542,50000000000,35348264458,0,NO_ONGOING,slot=146;src=682;dst=631;rate_mbps=0.005;flow_size_byte=10000;packet_lambda_per_s=None;packet_size_byte=1500;lambda_mode=flow_per_pair_rate_mbps
82,673,674,10000,14759968525,50000000000,35240031475,0,NO_ONGOING,slot=147;src=673;dst=674;rate_mbps=0.005;flow_size_byte=10000;packet_lambda_per_s=None;packet_size_byte=1500;lambda_mode=flow_per_pair_rate_mbps
83,718,679,10000,14931439650,20310273220,5378833570,10000,YES,slot=149;src=718;dst=679;rate_mbps=0.005;flow_size_byte=10000;packet_lambda_per_s=None;packet_size_byte=1500;lambda_mode=flow_per_pair_rate_mbps
84,669,696,10000,15013173632,50000000000,34986826368,0,NO_ONGOING,slot=150;src=669;dst=696;rate_mbps=0.005;flow_size_byte=10000;packet_lambda_per_s=None;packet_size_byte=1500;lambda_mode=flow_per_pair_rate_mbps
85,656,702,10000,15366461374,50000000000,34633538626,0,NO_ONGOING,slot=153;src=656;dst=702;rate_mbps=0.005;flow_size_byte=10000;packet_lambda_per_s=None;packet_size_byte=1500;lambda_mode=flow_per_pair_rate_mbps
86,722,706,10000,15404205556,50000000000,34595794444,0,NO_ONGOING,slot=154;src=722;dst=706;rate_mbps=0.005;flow_size_byte=10000;packet_lambda_per_s=None;packet_size_byte=1500;lambda_mode=flow_per_pair_rate_mbps
87,696,669,10000,15414467233,50000000000,34585532767,0,NO_ONGOING,slot=154;src=696;dst=669;rate_mbps=0.005;flow_size_byte=10000;packet_lambda_per_s=None;packet_size_byte=1500;lambda_mode=flow_per_pair_rate_mbps
88,673,674,10000,15416327380,50000000000,34583672620,0,NO_ONGOING,slot=154;src=673;dst=674;rate_mbps=0.005;flow_size_byte=10000;packet_lambda_per_s=None;packet_size_byte=1500;lambda_mode=flow_per_pair_rate_mbps
89,705,690,10000,15819874643,22425296835,6605422192,10000,YES,slot=158;src=705;dst=690;rate_mbps=0.005;flow_size_byte=10000;packet_lambda_per_s=None;packet_size_byte=1500;lambda_mode=flow_per_pair_rate_mbps
90,629,655,10000,15867844030,15897792374,29948344,10000,YES,slot=158;src=629;dst=655;rate_mbps=0.005;flow_size_byte=10000;packet_lambda_per_s=None;packet_size_byte=1500;lambda_mode=flow_per_pair_rate_mbps
91,722,706,10000,16041848077,50000000000,33958151923,0,NO_ONGOING,slot=160;src=722;dst=706;rate_mbps=0.005;flow_size_byte=10000;packet_lambda_per_s=None;packet_size_byte=1500;lambda_mode=flow_per_pair_rate_mbps
92,675,717,10000,16124381917,24712403805,8588021888,10000,YES,slot=161;src=675;dst=717;rate_mbps=0.005;flow_size_byte=10000;packet_lambda_per_s=None;packet_size_byte=1500;lambda_mode=flow_per_pair_rate_mbps
93,656,702,10000,16133848275,50000000000,33866151725,0,NO_ONGOING,slot=161;src=656;dst=702;rate_mbps=0.005;flow_size_byte=10000;packet_lambda_per_s=None;packet_size_byte=1500;lambda_mode=flow_per_pair_rate_mbps
94,629,655,10000,16276077455,16306581429,30503974,10000,YES,slot=162;src=629;dst=655;rate_mbps=0.005;flow_size_byte=10000;packet_lambda_per_s=None;packet_size_byte=1500;lambda_mode=flow_per_pair_rate_mbps
95,705,690,10000,16454013297,16634952937,180939640,10000,YES,slot=164;src=705;dst=690;rate_mbps=0.005;flow_size_byte=10000;packet_lambda_per_s=None;packet_size_byte=1500;lambda_mode=flow_per_pair_rate_mbps
96,672,643,10000,16847946117,50000000000,33152053883,0,NO_ONGOING,slot=168;src=672;dst=643;rate_mbps=0.005;flow_size_byte=10000;packet_lambda_per_s=None;packet_size_byte=1500;lambda_mode=flow_per_pair_rate_mbps
97,667,707,10000,16848026579,50000000000,33151973421,0,NO_ONGOING,slot=168;src=667;dst=707;rate_mbps=0.005;flow_size_byte=10000;packet_lambda_per_s=None;packet_size_byte=1500;lambda_mode=flow_per_pair_rate_mbps
98,628,634,10000,17121391743,50000000000,32878608257,0,NO_ONGOING,slot=171;src=628;dst=634;rate_mbps=0.005;flow_size_byte=10000;packet_lambda_per_s=None;packet_size_byte=1500;lambda_mode=flow_per_pair_rate_mbps
99,697,653,10000,17180488363,50000000000,32819511637,0,NO_ONGOING,slot=171;src=697;dst=653;rate_mbps=0.005;flow_size_byte=10000;packet_lambda_per_s=None;packet_size_byte=1500;lambda_mode=flow_per_pair_rate_mbps
100,673,674,10000,17206877543,50000000000,32793122457,0,NO_ONGOING,slot=172;src=673;dst=674;rate_mbps=0.005;flow_size_byte=10000;packet_lambda_per_s=None;packet_size_byte=1500;lambda_mode=flow_per_pair_rate_mbps
101,692,668,10000,17253722196,32010769409,14757047213,10000,YES,slot=172;src=692;dst=668;rate_mbps=0.005;flow_size_byte=10000;packet_lambda_per_s=None;packet_size_byte=1500;lambda_mode=flow_per_pair_rate_mbps
102,711,637,10000,17300134783,50000000000,32699865217,0,NO_ONGOING,slot=173;src=711;dst=637;rate_mbps=0.005;flow_size_byte=10000;packet_lambda_per_s=None;packet_size_byte=1500;lambda_mode=flow_per_pair_rate_mbps
103,719,627,10000,17581966256,50000000000,32418033744,0,NO_ONGOING,slot=175;src=719;dst=627;rate_mbps=0.005;flow_size_byte=10000;packet_lambda_per_s=None;packet_size_byte=1500;lambda_mode=flow_per_pair_rate_mbps
104,686,693,10000,17688146456,50000000000,32311853544,0,NO_ONGOING,slot=176;src=686;dst=693;rate_mbps=0.005;flow_size_byte=10000;packet_lambda_per_s=None;packet_size_byte=1500;lambda_mode=flow_per_pair_rate_mbps
105,669,696,10000,17878001390,50000000000,32121998610,0,NO_ONGOING,slot=178;src=669;dst=696;rate_mbps=0.005;flow_size_byte=10000;packet_lambda_per_s=None;packet_size_byte=1500;lambda_mode=flow_per_pair_rate_mbps
106,679,718,10000,17892581203,17962352111,69770908,10000,YES,slot=178;src=679;dst=718;rate_mbps=0.005;flow_size_byte=10000;packet_lambda_per_s=None;packet_size_byte=1500;lambda_mode=flow_per_pair_rate_mbps
107,682,631,10000,17939045522,50000000000,32060954478,0,NO_ONGOING,slot=179;src=682;dst=631;rate_mbps=0.005;flow_size_byte=10000;packet_lambda_per_s=None;packet_size_byte=1500;lambda_mode=flow_per_pair_rate_mbps
108,670,641,10000,18024895543,50000000000,31975104457,0,NO_ONGOING,slot=180;src=670;dst=641;rate_mbps=0.005;flow_size_byte=10000;packet_lambda_per_s=None;packet_size_byte=1500;lambda_mode=flow_per_pair_rate_mbps
109,631,682,10000,18042602291,50000000000,31957397709,0,NO_ONGOING,slot=180;src=631;dst=682;rate_mbps=0.005;flow_size_byte=10000;packet_lambda_per_s=None;packet_size_byte=1500;lambda_mode=flow_per_pair_rate_mbps
110,672,643,10000,18137487480,50000000000,31862512520,0,NO_ONGOING,slot=181;src=672;dst=643;rate_mbps=0.005;flow_size_byte=10000;packet_lambda_per_s=None;packet_size_byte=1500;lambda_mode=flow_per_pair_rate_mbps
111,658,649,10000,18623157018,50000000000,31376842982,0,NO_ONGOING,slot=186;src=658;dst=649;rate_mbps=0.005;flow_size_byte=10000;packet_lambda_per_s=None;packet_size_byte=1500;lambda_mode=flow_per_pair_rate_mbps
112,634,628,10000,18678610667,50000000000,31321389333,1380,NO_ONGOING,slot=186;src=634;dst=628;rate_mbps=0.005;flow_size_byte=10000;packet_lambda_per_s=None;packet_size_byte=1500;lambda_mode=flow_per_pair_rate_mbps
113,677,715,10000,18789606374,50000000000,31210393626,0,NO_ONGOING,slot=187;src=677;dst=715;rate_mbps=0.005;flow_size_byte=10000;packet_lambda_per_s=None;packet_size_byte=1500;lambda_mode=flow_per_pair_rate_mbps
114,721,636,10000,18849978497,50000000000,31150021503,0,NO_ONGOING,slot=188;src=721;dst=636;rate_mbps=0.005;flow_size_byte=10000;packet_lambda_per_s=None;packet_size_byte=1500;lambda_mode=flow_per_pair_rate_mbps
115,648,713,10000,18978049786,50000000000,31021950214,0,NO_ONGOING,slot=189;src=648;dst=713;rate_mbps=0.005;flow_size_byte=10000;packet_lambda_per_s=None;packet_size_byte=1500;lambda_mode=flow_per_pair_rate_mbps
116,684,639,10000,19119786437,50000000000,30880213563,0,NO_ONGOING,slot=191;src=684;dst=639;rate_mbps=0.005;flow_size_byte=10000;packet_lambda_per_s=None;packet_size_byte=1500;lambda_mode=flow_per_pair_rate_mbps
117,676,699,10000,19324574438,50000000000,30675425562,1380,NO_ONGOING,slot=193;src=676;dst=699;rate_mbps=0.005;flow_size_byte=10000;packet_lambda_per_s=None;packet_size_byte=1500;lambda_mode=flow_per_pair_rate_mbps
118,628,634,10000,19378008080,50000000000,30621991920,0,NO_ONGOING,slot=193;src=628;dst=634;rate_mbps=0.005;flow_size_byte=10000;packet_lambda_per_s=None;packet_size_byte=1500;lambda_mode=flow_per_pair_rate_mbps
119,650,640,10000,19495172478,50000000000,30504827522,1380,NO_ONGOING,slot=194;src=650;dst=640;rate_mbps=0.005;flow_size_byte=10000;packet_lambda_per_s=None;packet_size_byte=1500;lambda_mode=flow_per_pair_rate_mbps
120,628,634,10000,19532926662,50000000000,30467073338,1380,NO_ONGOING,slot=195;src=628;dst=634;rate_mbps=0.005;flow_size_byte=10000;packet_lambda_per_s=None;packet_size_byte=1500;lambda_mode=flow_per_pair_rate_mbps
121,655,629,10000,19816521245,19847290450,30769205,10000,YES,slot=198;src=655;dst=629;rate_mbps=0.005;flow_size_byte=10000;packet_lambda_per_s=None;packet_size_byte=1500;lambda_mode=flow_per_pair_rate_mbps
122,641,670,10000,19859641628,50000000000,30140358372,0,NO_ONGOING,slot=198;src=641;dst=670;rate_mbps=0.005;flow_size_byte=10000;packet_lambda_per_s=None;packet_size_byte=1500;lambda_mode=flow_per_pair_rate_mbps
123,626,659,10000,19901521633,50000000000,30098478367,0,NO_ONGOING,slot=199;src=626;dst=659;rate_mbps=0.005;flow_size_byte=10000;packet_lambda_per_s=None;packet_size_byte=1500;lambda_mode=flow_per_pair_rate_mbps
124,716,662,10000,19931406900,50000000000,30068593100,0,NO_ONGOING,slot=199;src=716;dst=662;rate_mbps=0.005;flow_size_byte=10000;packet_lambda_per_s=None;packet_size_byte=1500;lambda_mode=flow_per_pair_rate_mbps
125,716,662,10000,20014441261,50000000000,29985558739,2760,NO_ONGOING,slot=200;src=716;dst=662;rate_mbps=0.005;flow_size_byte=10000;packet_lambda_per_s=None;packet_size_byte=1500;lambda_mode=flow_per_pair_rate_mbps
126,714,694,10000,20150889703,50000000000,29849110297,2760,NO_ONGOING,slot=201;src=714;dst=694;rate_mbps=0.005;flow_size_byte=10000;packet_lambda_per_s=None;packet_size_byte=1500;lambda_mode=flow_per_pair_rate_mbps
127,657,671,10000,20475303147,50000000000,29524696853,1380,NO_ONGOING,slot=204;src=657;dst=671;rate_mbps=0.005;flow_size_byte=10000;packet_lambda_per_s=None;packet_size_byte=1500;lambda_mode=flow_per_pair_rate_mbps
128,655,629,10000,20530546657,20561371456,30824799,10000,YES,slot=205;src=655;dst=629;rate_mbps=0.005;flow_size_byte=10000;packet_lambda_per_s=None;packet_size_byte=1500;lambda_mode=flow_per_pair_rate_mbps
129,625,660,10000,20557981616,50000000000,29442018384,0,NO_ONGOING,slot=205;src=625;dst=660;rate_mbps=0.005;flow_size_byte=10000;packet_lambda_per_s=None;packet_size_byte=1500;lambda_mode=flow_per_pair_rate_mbps
130,633,723,10000,20814298331,50000000000,29185701669,0,NO_ONGOING,slot=208;src=633;dst=723;rate_mbps=0.005;flow_size_byte=10000;packet_lambda_per_s=None;packet_size_byte=1500;lambda_mode=flow_per_pair_rate_mbps
131,669,696,10000,20871066274,50000000000,29128933726,0,NO_ONGOING,slot=208;src=669;dst=696;rate_mbps=0.005;flow_size_byte=10000;packet_lambda_per_s=None;packet_size_byte=1500;lambda_mode=flow_per_pair_rate_mbps
132,665,701,10000,20938761987,50000000000,29061238013,0,NO_ONGOING,slot=209;src=665;dst=701;rate_mbps=0.005;flow_size_byte=10000;packet_lambda_per_s=None;packet_size_byte=1500;lambda_mode=flow_per_pair_rate_mbps
133,693,686,10000,21172760958,50000000000,28827239042,0,NO_ONGOING,slot=211;src=693;dst=686;rate_mbps=0.005;flow_size_byte=10000;packet_lambda_per_s=None;packet_size_byte=1500;lambda_mode=flow_per_pair_rate_mbps
134,636,721,10000,21237810310,50000000000,28762189690,0,NO_ONGOING,slot=212;src=636;dst=721;rate_mbps=0.005;flow_size_byte=10000;packet_lambda_per_s=None;packet_size_byte=1500;lambda_mode=flow_per_pair_rate_mbps
135,643,672,10000,21290869779,50000000000,28709130221,0,NO_ONGOING,slot=212;src=643;dst=672;rate_mbps=0.005;flow_size_byte=10000;packet_lambda_per_s=None;packet_size_byte=1500;lambda_mode=flow_per_pair_rate_mbps
136,653,697,10000,21341149622,50000000000,28658850378,0,NO_ONGOING,slot=213;src=653;dst=697;rate_mbps=0.005;flow_size_byte=10000;packet_lambda_per_s=None;packet_size_byte=1500;lambda_mode=flow_per_pair_rate_mbps
137,651,689,10000,21390110533,50000000000,28609889467,2760,NO_ONGOING,slot=213;src=651;dst=689;rate_mbps=0.005;flow_size_byte=10000;packet_lambda_per_s=None;packet_size_byte=1500;lambda_mode=flow_per_pair_rate_mbps
138,712,680,10000,21488569782,50000000000,28511430218,0,NO_ONGOING,slot=214;src=712;dst=680;rate_mbps=0.005;flow_size_byte=10000;packet_lambda_per_s=None;packet_size_byte=1500;lambda_mode=flow_per_pair_rate_mbps
139,635,710,10000,21703044252,21731158795,28114543,10000,YES,slot=217;src=635;dst=710;rate_mbps=0.005;flow_size_byte=10000;packet_lambda_per_s=None;packet_size_byte=1500;lambda_mode=flow_per_pair_rate_mbps
140,710,635,10000,21856594853,21884696729,28101876,10000,YES,slot=218;src=710;dst=635;rate_mbps=0.005;flow_size_byte=10000;packet_lambda_per_s=None;packet_size_byte=1500;lambda_mode=flow_per_pair_rate_mbps
141,633,723,10000,22069731216,50000000000,27930268784,0,NO_ONGOING,slot=220;src=633;dst=723;rate_mbps=0.005;flow_size_byte=10000;packet_lambda_per_s=None;packet_size_byte=1500;lambda_mode=flow_per_pair_rate_mbps
142,669,696,10000,22317043079,50000000000,27682956921,0,NO_ONGOING,slot=223;src=669;dst=696;rate_mbps=0.005;flow_size_byte=10000;packet_lambda_per_s=None;packet_size_byte=1500;lambda_mode=flow_per_pair_rate_mbps
143,664,703,10000,22645514032,50000000000,27354485968,0,NO_ONGOING,slot=226;src=664;dst=703;rate_mbps=0.005;flow_size_byte=10000;packet_lambda_per_s=None;packet_size_byte=1500;lambda_mode=flow_per_pair_rate_mbps
144,698,663,10000,22651757621,26658749876,4006992255,10000,YES,slot=226;src=698;dst=663;rate_mbps=0.005;flow_size_byte=10000;packet_lambda_per_s=None;packet_size_byte=1500;lambda_mode=flow_per_pair_rate_mbps
145,642,630,10000,22730336563,50000000000,27269663437,0,NO_ONGOING,slot=227;src=642;dst=630;rate_mbps=0.005;flow_size_byte=10000;packet_lambda_per_s=None;packet_size_byte=1500;lambda_mode=flow_per_pair_rate_mbps
146,629,655,10000,22765218119,22796221331,31003212,10000,YES,slot=227;src=629;dst=655;rate_mbps=0.005;flow_size_byte=10000;packet_lambda_per_s=None;packet_size_byte=1500;lambda_mode=flow_per_pair_rate_mbps
147,705,690,10000,23044491909,23563376205,518884296,10000,YES,slot=230;src=705;dst=690;rate_mbps=0.005;flow_size_byte=10000;packet_lambda_per_s=None;packet_size_byte=1500;lambda_mode=flow_per_pair_rate_mbps
148,709,654,10000,23201217553,50000000000,26798782447,0,NO_ONGOING,slot=232;src=709;dst=654;rate_mbps=0.005;flow_size_byte=10000;packet_lambda_per_s=None;packet_size_byte=1500;lambda_mode=flow_per_pair_rate_mbps
149,634,628,10000,23255130554,50000000000,26744869446,2760,NO_ONGOING,slot=232;src=634;dst=628;rate_mbps=0.005;flow_size_byte=10000;packet_lambda_per_s=None;packet_size_byte=1500;lambda_mode=flow_per_pair_rate_mbps
150,649,658,10000,23351974838,50000000000,26648025162,0,NO_ONGOING,slot=233;src=649;dst=658;rate_mbps=0.005;flow_size_byte=10000;packet_lambda_per_s=None;packet_size_byte=1500;lambda_mode=flow_per_pair_rate_mbps
151,630,642,10000,23521995867,50000000000,26478004133,0,NO_ONGOING,slot=235;src=630;dst=642;rate_mbps=0.005;flow_size_byte=10000;packet_lambda_per_s=None;packet_size_byte=1500;lambda_mode=flow_per_pair_rate_mbps
152,718,679,10000,23710860038,23891294192,180434154,10000,YES,slot=237;src=718;dst=679;rate_mbps=0.005;flow_size_byte=10000;packet_lambda_per_s=None;packet_size_byte=1500;lambda_mode=flow_per_pair_rate_mbps
153,705,690,10000,23737958887,26811122444,3073163557,10000,YES,slot=237;src=705;dst=690;rate_mbps=0.005;flow_size_byte=10000;packet_lambda_per_s=None;packet_size_byte=1500;lambda_mode=flow_per_pair_rate_mbps
154,627,719,10000,23918880071,50000000000,26081119929,0,NO_ONGOING,slot=239;src=627;dst=719;rate_mbps=0.005;flow_size_byte=10000;packet_lambda_per_s=None;packet_size_byte=1500;lambda_mode=flow_per_pair_rate_mbps
155,652,638,10000,23940413850,50000000000,26059586150,0,NO_ONGOING,slot=239;src=652;dst=638;rate_mbps=0.005;flow_size_byte=10000;packet_lambda_per_s=None;packet_size_byte=1500;lambda_mode=flow_per_pair_rate_mbps
156,705,690,10000,24008430282,24207134784,198704502,10000,YES,slot=240;src=705;dst=690;rate_mbps=0.005;flow_size_byte=10000;packet_lambda_per_s=None;packet_size_byte=1500;lambda_mode=flow_per_pair_rate_mbps
157,679,718,10000,24188815881,27562412466,3373596585,10000,YES,slot=241;src=679;dst=718;rate_mbps=0.005;flow_size_byte=10000;packet_lambda_per_s=None;packet_size_byte=1500;lambda_mode=flow_per_pair_rate_mbps
158,704,700,10000,24232929549,50000000000,25767070451,0,NO_ONGOING,slot=242;src=704;dst=700;rate_mbps=0.005;flow_size_byte=10000;packet_lambda_per_s=None;packet_size_byte=1500;lambda_mode=flow_per_pair_rate_mbps
159,698,663,10000,24587441438,31602233229,7014791791,10000,YES,slot=245;src=698;dst=663;rate_mbps=0.005;flow_size_byte=10000;packet_lambda_per_s=None;packet_size_byte=1500;lambda_mode=flow_per_pair_rate_mbps
160,690,705,10000,24686288164,28771585112,4085296948,10000,YES,slot=246;src=690;dst=705;rate_mbps=0.005;flow_size_byte=10000;packet_lambda_per_s=None;packet_size_byte=1500;lambda_mode=flow_per_pair_rate_mbps
161,712,680,10000,25145677977,50000000000,24854322023,0,NO_ONGOING,slot=251;src=712;dst=680;rate_mbps=0.005;flow_size_byte=10000;packet_lambda_per_s=None;packet_size_byte=1500;lambda_mode=flow_per_pair_rate_mbps
162,701,665,10000,25363395734,50000000000,24636604266,0,NO_ONGOING,slot=253;src=701;dst=665;rate_mbps=0.005;flow_size_byte=10000;packet_lambda_per_s=None;packet_size_byte=1500;lambda_mode=flow_per_pair_rate_mbps
163,679,718,10000,25621071397,25713694012,92622615,10000,YES,slot=256;src=679;dst=718;rate_mbps=0.005;flow_size_byte=10000;packet_lambda_per_s=None;packet_size_byte=1500;lambda_mode=flow_per_pair_rate_mbps
164,646,683,10000,26307711625,50000000000,23692288375,0,NO_ONGOING,slot=263;src=646;dst=683;rate_mbps=0.005;flow_size_byte=10000;packet_lambda_per_s=None;packet_size_byte=1500;lambda_mode=flow_per_pair_rate_mbps
165,720,645,10000,26579471067,50000000000,23420528933,0,NO_ONGOING,slot=265;src=720;dst=645;rate_mbps=0.005;flow_size_byte=10000;packet_lambda_per_s=None;packet_size_byte=1500;lambda_mode=flow_per_pair_rate_mbps
166,635,710,10000,26696341232,26724066146,27724914,10000,YES,slot=266;src=635;dst=710;rate_mbps=0.005;flow_size_byte=10000;packet_lambda_per_s=None;packet_size_byte=1500;lambda_mode=flow_per_pair_rate_mbps
167,661,685,10000,26797890814,50000000000,23202109186,1380,NO_ONGOING,slot=267;src=661;dst=685;rate_mbps=0.005;flow_size_byte=10000;packet_lambda_per_s=None;packet_size_byte=1500;lambda_mode=flow_per_pair_rate_mbps
168,661,685,10000,26914519932,50000000000,23085480068,1380,NO_ONGOING,slot=269;src=661;dst=685;rate_mbps=0.005;flow_size_byte=10000;packet_lambda_per_s=None;packet_size_byte=1500;lambda_mode=flow_per_pair_rate_mbps
169,664,703,10000,27166373705,50000000000,22833626295,0,NO_ONGOING,slot=271;src=664;dst=703;rate_mbps=0.005;flow_size_byte=10000;packet_lambda_per_s=None;packet_size_byte=1500;lambda_mode=flow_per_pair_rate_mbps
170,641,670,10000,27170040767,50000000000,22829959233,0,NO_ONGOING,slot=271;src=641;dst=670;rate_mbps=0.005;flow_size_byte=10000;packet_lambda_per_s=None;packet_size_byte=1500;lambda_mode=flow_per_pair_rate_mbps
171,663,698,10000,27184918597,30394609748,3209691151,10000,YES,slot=271;src=663;dst=698;rate_mbps=0.005;flow_size_byte=10000;packet_lambda_per_s=None;packet_size_byte=1500;lambda_mode=flow_per_pair_rate_mbps
172,665,701,10000,27469747646,50000000000,22530252354,0,NO_ONGOING,slot=274;src=665;dst=701;rate_mbps=0.005;flow_size_byte=10000;packet_lambda_per_s=None;packet_size_byte=1500;lambda_mode=flow_per_pair_rate_mbps
173,664,703,10000,27696075732,50000000000,22303924268,0,NO_ONGOING,slot=276;src=664;dst=703;rate_mbps=0.005;flow_size_byte=10000;packet_lambda_per_s=None;packet_size_byte=1500;lambda_mode=flow_per_pair_rate_mbps
174,643,672,10000,27716716338,50000000000,22283283662,0,NO_ONGOING,slot=277;src=643;dst=672;rate_mbps=0.005;flow_size_byte=10000;packet_lambda_per_s=None;packet_size_byte=1500;lambda_mode=flow_per_pair_rate_mbps
175,648,713,10000,27756691803,50000000000,22243308197,0,NO_ONGOING,slot=277;src=648;dst=713;rate_mbps=0.005;flow_size_byte=10000;packet_lambda_per_s=None;packet_size_byte=1500;lambda_mode=flow_per_pair_rate_mbps
176,698,663,10000,28216628408,34805538989,6588910581,10000,YES,slot=282;src=698;dst=663;rate_mbps=0.005;flow_size_byte=10000;packet_lambda_per_s=None;packet_size_byte=1500;lambda_mode=flow_per_pair_rate_mbps
177,636,721,10000,28279479516,50000000000,21720520484,0,NO_ONGOING,slot=282;src=636;dst=721;rate_mbps=0.005;flow_size_byte=10000;packet_lambda_per_s=None;packet_size_byte=1500;lambda_mode=flow_per_pair_rate_mbps
178,695,688,10000,28656841129,50000000000,21343158871,0,NO_ONGOING,slot=286;src=695;dst=688;rate_mbps=0.005;flow_size_byte=10000;packet_lambda_per_s=None;packet_size_byte=1500;lambda_mode=flow_per_pair_rate_mbps
179,704,700,10000,28936966872,50000000000,21063033128,0,NO_ONGOING,slot=289;src=704;dst=700;rate_mbps=0.005;flow_size_byte=10000;packet_lambda_per_s=None;packet_size_byte=1500;lambda_mode=flow_per_pair_rate_mbps
180,667,707,10000,29052250047,50000000000,20947749953,0,NO_ONGOING,slot=290;src=667;dst=707;rate_mbps=0.005;flow_size_byte=10000;packet_lambda_per_s=None;packet_size_byte=1500;lambda_mode=flow_per_pair_rate_mbps
181,678,647,10000,29512498206,30038465273,525967067,10000,YES,slot=295;src=678;dst=647;rate_mbps=0.005;flow_size_byte=10000;packet_lambda_per_s=None;packet_size_byte=1500;lambda_mode=flow_per_pair_rate_mbps
182,682,631,10000,29672887660,50000000000,20327112340,0,NO_ONGOING,slot=296;src=682;dst=631;rate_mbps=0.005;flow_size_byte=10000;packet_lambda_per_s=None;packet_size_byte=1500;lambda_mode=flow_per_pair_rate_mbps
183,720,645,10000,29675854801,50000000000,20324145199,0,NO_ONGOING,slot=296;src=720;dst=645;rate_mbps=0.005;flow_size_byte=10000;packet_lambda_per_s=None;packet_size_byte=1500;lambda_mode=flow_per_pair_rate_mbps
184,635,710,10000,29756792325,29785060670,28268345,10000,YES,slot=297;src=635;dst=710;rate_mbps=0.005;flow_size_byte=10000;packet_lambda_per_s=None;packet_size_byte=1500;lambda_mode=flow_per_pair_rate_mbps
185,634,628,10000,29928657689,50000000000,20071342311,0,NO_ONGOING,slot=299;src=634;dst=628;rate_mbps=0.005;flow_size_byte=10000;packet_lambda_per_s=None;packet_size_byte=1500;lambda_mode=flow_per_pair_rate_mbps
186,674,673,10000,29970605825,50000000000,20029394175,0,NO_ONGOING,slot=299;src=674;dst=673;rate_mbps=0.005;flow_size_byte=10000;packet_lambda_per_s=None;packet_size_byte=1500;lambda_mode=flow_per_pair_rate_mbps
187,645,720,10000,30007908504,50000000000,19992091496,0,NO_ONGOING,slot=300;src=645;dst=720;rate_mbps=0.005;flow_size_byte=10000;packet_lambda_per_s=None;packet_size_byte=1500;lambda_mode=flow_per_pair_rate_mbps
188,723,633,10000,30162803405,50000000000,19837196595,2760,NO_ONGOING,slot=301;src=723;dst=633;rate_mbps=0.005;flow_size_byte=10000;packet_lambda_per_s=None;packet_size_byte=1500;lambda_mode=flow_per_pair_rate_mbps
189,704,700,10000,30227260152,50000000000,19772739848,0,NO_ONGOING,slot=302;src=704;dst=700;rate_mbps=0.005;flow_size_byte=10000;packet_lambda_per_s=None;packet_size_byte=1500;lambda_mode=flow_per_pair_rate_mbps
190,721,636,10000,30254057346,50000000000,19745942654,0,NO_ONGOING,slot=302;src=721;dst=636;rate_mbps=0.005;flow_size_byte=10000;packet_lambda_per_s=None;packet_size_byte=1500;lambda_mode=flow_per_pair_rate_mbps
191,651,689,10000,30267753207,50000000000,19732246793,4140,NO_ONGOING,slot=302;src=651;dst=689;rate_mbps=0.005;flow_size_byte=10000;packet_lambda_per_s=None;packet_size_byte=1500;lambda_mode=flow_per_pair_rate_mbps
192,682,631,10000,30461334372,50000000000,19538665628,0,NO_ONGOING,slot=304;src=682;dst=631;rate_mbps=0.005;flow_size_byte=10000;packet_lambda_per_s=None;packet_size_byte=1500;lambda_mode=flow_per_pair_rate_mbps
193,686,693,10000,30462040816,50000000000,19537959184,0,NO_ONGOING,slot=304;src=686;dst=693;rate_mbps=0.005;flow_size_byte=10000;packet_lambda_per_s=None;packet_size_byte=1500;lambda_mode=flow_per_pair_rate_mbps
194,668,692,10000,30751877939,32866037505,2114159566,10000,YES,slot=307;src=668;dst=692;rate_mbps=0.005;flow_size_byte=10000;packet_lambda_per_s=None;packet_size_byte=1500;lambda_mode=flow_per_pair_rate_mbps
195,670,641,10000,30810349759,50000000000,19189650241,2760,NO_ONGOING,slot=308;src=670;dst=641;rate_mbps=0.005;flow_size_byte=10000;packet_lambda_per_s=None;packet_size_byte=1500;lambda_mode=flow_per_pair_rate_mbps
196,637,711,10000,30882357533,50000000000,19117642467,0,NO_ONGOING,slot=308;src=637;dst=711;rate_mbps=0.005;flow_size_byte=10000;packet_lambda_per_s=None;packet_size_byte=1500;lambda_mode=flow_per_pair_rate_mbps
197,706,722,10000,30911021520,50000000000,19088978480,0,NO_ONGOING,slot=309;src=706;dst=722;rate_mbps=0.005;flow_size_byte=10000;packet_lambda_per_s=None;packet_size_byte=1500;lambda_mode=flow_per_pair_rate_mbps
198,639,684,10000,30921537762,50000000000,19078462238,0,NO_ONGOING,slot=309;src=639;dst=684;rate_mbps=0.005;flow_size_byte=10000;packet_lambda_per_s=None;packet_size_byte=1500;lambda_mode=flow_per_pair_rate_mbps
199,658,649,10000,30941580702,50000000000,19058419298,1380,NO_ONGOING,slot=309;src=658;dst=649;rate_mbps=0.005;flow_size_byte=10000;packet_lambda_per_s=None;packet_size_byte=1500;lambda_mode=flow_per_pair_rate_mbps
200,630,642,10000,31113403859,50000000000,18886596141,0,NO_ONGOING,slot=311;src=630;dst=642;rate_mbps=0.005;flow_size_byte=10000;packet_lambda_per_s=None;packet_size_byte=1500;lambda_mode=flow_per_pair_rate_mbps
201,639,684,10000,31374221589,50000000000,18625778411,0,NO_ONGOING,slot=313;src=639;dst=684;rate_mbps=0.005;flow_size_byte=10000;packet_lambda_per_s=None;packet_size_byte=1500;lambda_mode=flow_per_pair_rate_mbps
202,641,670,10000,31473231285,50000000000,18526768715,0,NO_ONGOING,slot=314;src=641;dst=670;rate_mbps=0.005;flow_size_byte=10000;packet_lambda_per_s=None;packet_size_byte=1500;lambda_mode=flow_per_pair_rate_mbps
203,690,705,10000,31698170536,33428059590,1729889054,10000,YES,slot=316;src=690;dst=705;rate_mbps=0.005;flow_size_byte=10000;packet_lambda_per_s=None;packet_size_byte=1500;lambda_mode=flow_per_pair_rate_mbps
204,651,689,10000,31741920013,34788719785,3046799772,10000,YES,slot=317;src=651;dst=689;rate_mbps=0.005;flow_size_byte=10000;packet_lambda_per_s=None;packet_size_byte=1500;lambda_mode=flow_per_pair_rate_mbps
205,666,691,10000,31921662818,42459659331,10537996513,10000,YES,slot=319;src=666;dst=691;rate_mbps=0.005;flow_size_byte=10000;packet_lambda_per_s=None;packet_size_byte=1500;lambda_mode=flow_per_pair_rate_mbps
206,683,646,10000,31952005048,50000000000,18047994952,0,NO_ONGOING,slot=319;src=683;dst=646;rate_mbps=0.005;flow_size_byte=10000;packet_lambda_per_s=None;packet_size_byte=1500;lambda_mode=flow_per_pair_rate_mbps
207,706,722,10000,32041791107,50000000000,17958208893,0,NO_ONGOING,slot=320;src=706;dst=722;rate_mbps=0.005;flow_size_byte=10000;packet_lambda_per_s=None;packet_size_byte=1500;lambda_mode=flow_per_pair_rate_mbps
208,703,664,10000,32122070595,50000000000,17877929405,0,NO_ONGOING,slot=321;src=703;dst=664;rate_mbps=0.005;flow_size_byte=10000;packet_lambda_per_s=None;packet_size_byte=1500;lambda_mode=flow_per_pair_rate_mbps
209,704,700,10000,32208994557,50000000000,17791005443,0,NO_ONGOING,slot=322;src=704;dst=700;rate_mbps=0.005;flow_size_byte=10000;packet_lambda_per_s=None;packet_size_byte=1500;lambda_mode=flow_per_pair_rate_mbps
210,698,663,10000,32304808982,34650272962,2345463980,10000,YES,slot=323;src=698;dst=663;rate_mbps=0.005;flow_size_byte=10000;packet_lambda_per_s=None;packet_size_byte=1500;lambda_mode=flow_per_pair_rate_mbps
211,688,695,10000,32791737071,50000000000,17208262929,2760,NO_ONGOING,slot=327;src=688;dst=695;rate_mbps=0.005;flow_size_byte=10000;packet_lambda_per_s=None;packet_size_byte=1500;lambda_mode=flow_per_pair_rate_mbps
212,708,632,10000,32919325492,50000000000,17080674508,0,NO_ONGOING,slot=329;src=708;dst=632;rate_mbps=0.005;flow_size_byte=10000;packet_lambda_per_s=None;packet_size_byte=1500;lambda_mode=flow_per_pair_rate_mbps
213,651,689,10000,33042359175,50000000000,16957640825,6900,NO_ONGOING,slot=330;src=651;dst=689;rate_mbps=0.005;flow_size_byte=10000;packet_lambda_per_s=None;packet_size_byte=1500;lambda_mode=flow_per_pair_rate_mbps
214,645,720,10000,33359284784,50000000000,16640715216,0,NO_ONGOING,slot=333;src=645;dst=720;rate_mbps=0.005;flow_size_byte=10000;packet_lambda_per_s=None;packet_size_byte=1500;lambda_mode=flow_per_pair_rate_mbps
215,680,712,10000,33369711206,50000000000,16630288794,0,NO_ONGOING,slot=333;src=680;dst=712;rate_mbps=0.005;flow_size_byte=10000;packet_lambda_per_s=None;packet_size_byte=1500;lambda_mode=flow_per_pair_rate_mbps
216,698,663,10000,33417135696,50000000000,16582864304,0,NO_ONGOING,slot=334;src=698;dst=663;rate_mbps=0.005;flow_size_byte=10000;packet_lambda_per_s=None;packet_size_byte=1500;lambda_mode=flow_per_pair_rate_mbps
217,644,687,10000,33419698697,50000000000,16580301303,0,NO_ONGOING,slot=334;src=644;dst=687;rate_mbps=0.005;flow_size_byte=10000;packet_lambda_per_s=None;packet_size_byte=1500;lambda_mode=flow_per_pair_rate_mbps
218,698,663,10000,33698807008,34540715100,841908092,10000,YES,slot=336;src=698;dst=663;rate_mbps=0.005;flow_size_byte=10000;packet_lambda_per_s=None;packet_size_byte=1500;lambda_mode=flow_per_pair_rate_mbps
219,682,631,10000,33739271767,50000000000,16260728233,0,NO_ONGOING,slot=337;src=682;dst=631;rate_mbps=0.005;flow_size_byte=10000;packet_lambda_per_s=None;packet_size_byte=1500;lambda_mode=flow_per_pair_rate_mbps
220,678,647,10000,33768868471,50000000000,16231131529,0,NO_ONGOING,slot=337;src=678;dst=647;rate_mbps=0.005;flow_size_byte=10000;packet_lambda_per_s=None;packet_size_byte=1500;lambda_mode=flow_per_pair_rate_mbps
221,717,675,10000,33904488909,50000000000,16095511091,0,NO_ONGOING,slot=339;src=717;dst=675;rate_mbps=0.005;flow_size_byte=10000;packet_lambda_per_s=None;packet_size_byte=1500;lambda_mode=flow_per_pair_rate_mbps
222,688,695,10000,33959706493,50000000000,16040293507,0,NO_ONGOING,slot=339;src=688;dst=695;rate_mbps=0.005;flow_size_byte=10000;packet_lambda_per_s=None;packet_size_byte=1500;lambda_mode=flow_per_pair_rate_mbps
223,647,678,10000,34419411625,44169587802,9750176177,10000,YES,slot=344;src=647;dst=678;rate_mbps=0.005;flow_size_byte=10000;packet_lambda_per_s=None;packet_size_byte=1500;lambda_mode=flow_per_pair_rate_mbps
224,669,696,10000,34445448836,50000000000,15554551164,0,NO_ONGOING,slot=344;src=669;dst=696;rate_mbps=0.005;flow_size_byte=10000;packet_lambda_per_s=None;packet_size_byte=1500;lambda_mode=flow_per_pair_rate_mbps
225,715,677,10000,34490346186,50000000000,15509653814,0,NO_ONGOING,slot=344;src=715;dst=677;rate_mbps=0.005;flow_size_byte=10000;packet_lambda_per_s=None;packet_size_byte=1500;lambda_mode=flow_per_pair_rate_mbps
226,711,637,10000,34531269543,50000000000,15468730457,0,NO_ONGOING,slot=345;src=711;dst=637;rate_mbps=0.005;flow_size_byte=10000;packet_lambda_per_s=None;packet_size_byte=1500;lambda_mode=flow_per_pair_rate_mbps
227,636,721,10000,34970314049,50000000000,15029685951,0,NO_ONGOING,slot=349;src=636;dst=721;rate_mbps=0.005;flow_size_byte=10000;packet_lambda_per_s=None;packet_size_byte=1500;lambda_mode=flow_per_pair_rate_mbps
228,708,632,10000,35020288036,50000000000,14979711964,0,NO_ONGOING,slot=350;src=708;dst=632;rate_mbps=0.005;flow_size_byte=10000;packet_lambda_per_s=None;packet_size_byte=1500;lambda_mode=flow_per_pair_rate_mbps
229,633,723,10000,35023900308,50000000000,14976099692,1380,NO_ONGOING,slot=350;src=633;dst=723;rate_mbps=0.005;flow_size_byte=10000;packet_lambda_per_s=None;packet_size_byte=1500;lambda_mode=flow_per_pair_rate_mbps
230,632,708,10000,35095722491,50000000000,14904277509,0,NO_ONGOING,slot=350;src=632;dst=708;rate_mbps=0.005;flow_size_byte=10000;packet_lambda_per_s=None;packet_size_byte=1500;lambda_mode=flow_per_pair_rate_mbps
231,694,714,10000,35270968781,50000000000,14729031219,0,NO_ONGOING,slot=352;src=694;dst=714;rate_mbps=0.005;flow_size_byte=10000;packet_lambda_per_s=None;packet_size_byte=1500;lambda_mode=flow_per_pair_rate_mbps
232,654,709,10000,35383837968,50000000000,14616162032,0,NO_ONGOING,slot=353;src=654;dst=709;rate_mbps=0.005;flow_size_byte=10000;packet_lambda_per_s=None;packet_size_byte=1500;lambda_mode=flow_per_pair_rate_mbps
233,685,661,10000,35670519825,50000000000,14329480175,0,NO_ONGOING,slot=356;src=685;dst=661;rate_mbps=0.005;flow_size_byte=10000;packet_lambda_per_s=None;packet_size_byte=1500;lambda_mode=flow_per_pair_rate_mbps
234,678,647,10000,35884281378,50000000000,14115718622,6900,NO_ONGOING,slot=358;src=678;dst=647;rate_mbps=0.005;flow_size_byte=10000;packet_lambda_per_s=None;packet_size_byte=1500;lambda_mode=flow_per_pair_rate_mbps
235,651,689,10000,35946333871,50000000000,14053666129,0,NO_ONGOING,slot=359;src=651;dst=689;rate_mbps=0.005;flow_size_byte=10000;packet_lambda_per_s=None;packet_size_byte=1500;lambda_mode=flow_per_pair_rate_mbps
236,655,629,10000,35954949978,36120314416,165364438,10000,YES,slot=359;src=655;dst=629;rate_mbps=0.005;flow_size_byte=10000;packet_lambda_per_s=None;packet_size_byte=1500;lambda_mode=flow_per_pair_rate_mbps
237,638,652,10000,36025267983,50000000000,13974732017,0,NO_ONGOING,slot=360;src=638;dst=652;rate_mbps=0.005;flow_size_byte=10000;packet_lambda_per_s=None;packet_size_byte=1500;lambda_mode=flow_per_pair_rate_mbps
238,706,722,10000,36143919829,50000000000,13856080171,0,NO_ONGOING,slot=361;src=706;dst=722;rate_mbps=0.005;flow_size_byte=10000;packet_lambda_per_s=None;packet_size_byte=1500;lambda_mode=flow_per_pair_rate_mbps
239,632,708,10000,36288771157,50000000000,13711228843,0,NO_ONGOING,slot=362;src=632;dst=708;rate_mbps=0.005;flow_size_byte=10000;packet_lambda_per_s=None;packet_size_byte=1500;lambda_mode=flow_per_pair_rate_mbps
240,672,643,10000,36301078089,50000000000,13698921911,0,NO_ONGOING,slot=363;src=672;dst=643;rate_mbps=0.005;flow_size_byte=10000;packet_lambda_per_s=None;packet_size_byte=1500;lambda_mode=flow_per_pair_rate_mbps
241,676,699,10000,36525484974,50000000000,13474515026,0,NO_ONGOING,slot=365;src=676;dst=699;rate_mbps=0.005;flow_size_byte=10000;packet_lambda_per_s=None;packet_size_byte=1500;lambda_mode=flow_per_pair_rate_mbps
242,721,636,10000,36829398053,50000000000,13170601947,1380,NO_ONGOING,slot=368;src=721;dst=636;rate_mbps=0.005;flow_size_byte=10000;packet_lambda_per_s=None;packet_size_byte=1500;lambda_mode=flow_per_pair_rate_mbps
243,697,653,10000,37023779124,50000000000,12976220876,0,NO_ONGOING,slot=370;src=697;dst=653;rate_mbps=0.005;flow_size_byte=10000;packet_lambda_per_s=None;packet_size_byte=1500;lambda_mode=flow_per_pair_rate_mbps
244,675,717,10000,37109783658,50000000000,12890216342,0,NO_ONGOING,slot=371;src=675;dst=717;rate_mbps=0.005;flow_size_byte=10000;packet_lambda_per_s=None;packet_size_byte=1500;lambda_mode=flow_per_pair_rate_mbps
245,642,630,10000,37483333748,50000000000,12516666252,0,NO_ONGOING,slot=374;src=642;dst=630;rate_mbps=0.005;flow_size_byte=10000;packet_lambda_per_s=None;packet_size_byte=1500;lambda_mode=flow_per_pair_rate_mbps
246,691,666,10000,37504450016,50000000000,12495549984,2760,NO_ONGOING,slot=375;src=691;dst=666;rate_mbps=0.005;flow_size_byte=10000;packet_lambda_per_s=None;packet_size_byte=1500;lambda_mode=flow_per_pair_rate_mbps
247,709,654,10000,38117055564,50000000000,11882944436,1380,NO_ONGOING,slot=381;src=709;dst=654;rate_mbps=0.005;flow_size_byte=10000;packet_lambda_per_s=None;packet_size_byte=1500;lambda_mode=flow_per_pair_rate_mbps
248,648,713,10000,38219761806,50000000000,11780238194,0,NO_ONGOING,slot=382;src=648;dst=713;rate_mbps=0.005;flow_size_byte=10000;packet_lambda_per_s=None;packet_size_byte=1500;lambda_mode=flow_per_pair_rate_mbps
249,634,628,10000,38343850281,50000000000,11656149719,0,NO_ONGOING,slot=383;src=634;dst=628;rate_mbps=0.005;flow_size_byte=10000;packet_lambda_per_s=None;packet_size_byte=1500;lambda_mode=flow_per_pair_rate_mbps
250,664,703,10000,38580774458,50000000000,11419225542,0,NO_ONGOING,slot=385;src=664;dst=703;rate_mbps=0.005;flow_size_byte=10000;packet_lambda_per_s=None;packet_size_byte=1500;lambda_mode=flow_per_pair_rate_mbps
251,634,628,10000,38676811124,50000000000,11323188876,0,NO_ONGOING,slot=386;src=634;dst=628;rate_mbps=0.005;flow_size_byte=10000;packet_lambda_per_s=None;packet_size_byte=1500;lambda_mode=flow_per_pair_rate_mbps
252,664,703,10000,38737439686,41085114712,2347675026,10000,YES,slot=387;src=664;dst=703;rate_mbps=0.005;flow_size_byte=10000;packet_lambda_per_s=None;packet_size_byte=1500;lambda_mode=flow_per_pair_rate_mbps
253,647,678,10000,38777087459,44440441194,5663353735,10000,YES,slot=387;src=647;dst=678;rate_mbps=0.005;flow_size_byte=10000;packet_lambda_per_s=None;packet_size_byte=1500;lambda_mode=flow_per_pair_rate_mbps
254,689,651,10000,38797058453,50000000000,11202941547,1380,NO_ONGOING,slot=387;src=689;dst=651;rate_mbps=0.005;flow_size_byte=10000;packet_lambda_per_s=None;packet_size_byte=1500;lambda_mode=flow_per_pair_rate_mbps
255,659,626,10000,38986402405,50000000000,11013597595,0,NO_ONGOING,slot=389;src=659;dst=626;rate_mbps=0.005;flow_size_byte=10000;packet_lambda_per_s=None;packet_size_byte=1500;lambda_mode=flow_per_pair_rate_mbps
256,639,684,10000,39004212262,50000000000,10995787738,1380,NO_ONGOING,slot=390;src=639;dst=684;rate_mbps=0.005;flow_size_byte=10000;packet_lambda_per_s=None;packet_size_byte=1500;lambda_mode=flow_per_pair_rate_mbps
257,669,696,10000,39517733987,50000000000,10482266013,0,NO_ONGOING,slot=395;src=669;dst=696;rate_mbps=0.005;flow_size_byte=10000;packet_lambda_per_s=None;packet_size_byte=1500;lambda_mode=flow_per_pair_rate_mbps
258,646,683,10000,39825135587,50000000000,10174864413,0,NO_ONGOING,slot=398;src=646;dst=683;rate_mbps=0.005;flow_size_byte=10000;packet_lambda_per_s=None;packet_size_byte=1500;lambda_mode=flow_per_pair_rate_mbps
259,695,688,10000,39848899931,41227054321,1378154390,10000,YES,slot=398;src=695;dst=688;rate_mbps=0.005;flow_size_byte=10000;packet_lambda_per_s=None;packet_size_byte=1500;lambda_mode=flow_per_pair_rate_mbps
260,696,669,10000,40112876925,50000000000,9887123075,0,NO_ONGOING,slot=401;src=696;dst=669;rate_mbps=0.005;flow_size_byte=10000;packet_lambda_per_s=None;packet_size_byte=1500;lambda_mode=flow_per_pair_rate_mbps
261,689,651,10000,40193451675,44424024302,4230572627,10000,YES,slot=401;src=689;dst=651;rate_mbps=0.005;flow_size_byte=10000;packet_lambda_per_s=None;packet_size_byte=1500;lambda_mode=flow_per_pair_rate_mbps
262,650,640,10000,40234767007,42054614627,1819847620,10000,YES,slot=402;src=650;dst=640;rate_mbps=0.005;flow_size_byte=10000;packet_lambda_per_s=None;packet_size_byte=1500;lambda_mode=flow_per_pair_rate_mbps
263,644,687,10000,40329713511,50000000000,9670286489,0,NO_ONGOING,slot=403;src=644;dst=687;rate_mbps=0.005;flow_size_byte=10000;packet_lambda_per_s=None;packet_size_byte=1500;lambda_mode=flow_per_pair_rate_mbps
264,652,638,10000,40568588597,50000000000,9431411403,0,NO_ONGOING,slot=405;src=652;dst=638;rate_mbps=0.005;flow_size_byte=10000;packet_lambda_per_s=None;packet_size_byte=1500;lambda_mode=flow_per_pair_rate_mbps
265,653,697,10000,40599546725,50000000000,9400453275,2760,NO_ONGOING,slot=405;src=653;dst=697;rate_mbps=0.005;flow_size_byte=10000;packet_lambda_per_s=None;packet_size_byte=1500;lambda_mode=flow_per_pair_rate_mbps
266,679,718,10000,40769578471,40799503994,29925523,10000,YES,slot=407;src=679;dst=718;rate_mbps=0.005;flow_size_byte=10000;packet_lambda_per_s=None;packet_size_byte=1500;lambda_mode=flow_per_pair_rate_mbps
267,701,665,10000,40909879077,50000000000,9090120923,0,NO_ONGOING,slot=409;src=701;dst=665;rate_mbps=0.005;flow_size_byte=10000;packet_lambda_per_s=None;packet_size_byte=1500;lambda_mode=flow_per_pair_rate_mbps
268,696,669,10000,41216092137,50000000000,8783907863,0,NO_ONGOING,slot=412;src=696;dst=669;rate_mbps=0.005;flow_size_byte=10000;packet_lambda_per_s=None;packet_size_byte=1500;lambda_mode=flow_per_pair_rate_mbps
269,715,677,10000,41224854462,50000000000,8775145538,0,NO_ONGOING,slot=412;src=715;dst=677;rate_mbps=0.005;flow_size_byte=10000;packet_lambda_per_s=None;packet_size_byte=1500;lambda_mode=flow_per_pair_rate_mbps
270,718,679,10000,41572844534,41611307206,38462672,10000,YES,slot=415;src=718;dst=679;rate_mbps=0.005;flow_size_byte=10000;packet_lambda_per_s=None;packet_size_byte=1500;lambda_mode=flow_per_pair_rate_mbps
271,724,681,10000,41599276869,50000000000,8400723131,0,NO_ONGOING,slot=415;src=724;dst=681;rate_mbps=0.005;flow_size_byte=10000;packet_lambda_per_s=None;packet_size_byte=1500;lambda_mode=flow_per_pair_rate_mbps
272,674,673,10000,41654923409,50000000000,8345076591,0,NO_ONGOING,slot=416;src=674;dst=673;rate_mbps=0.005;flow_size_byte=10000;packet_lambda_per_s=None;packet_size_byte=1500;lambda_mode=flow_per_pair_rate_mbps
273,653,697,10000,41784546363,50000000000,8215453637,0,NO_ONGOING,slot=417;src=653;dst=697;rate_mbps=0.005;flow_size_byte=10000;packet_lambda_per_s=None;packet_size_byte=1500;lambda_mode=flow_per_pair_rate_mbps
274,639,684,10000,41887222259,50000000000,8112777741,0,NO_ONGOING,slot=418;src=639;dst=684;rate_mbps=0.005;flow_size_byte=10000;packet_lambda_per_s=None;packet_size_byte=1500;lambda_mode=flow_per_pair_rate_mbps
275,628,634,10000,42216239752,50000000000,7783760248,0,NO_ONGOING,slot=422;src=628;dst=634;rate_mbps=0.005;flow_size_byte=10000;packet_lambda_per_s=None;packet_size_byte=1500;lambda_mode=flow_per_pair_rate_mbps
276,654,709,10000,42436555567,50000000000,7563444433,0,NO_ONGOING,slot=424;src=654;dst=709;rate_mbps=0.005;flow_size_byte=10000;packet_lambda_per_s=None;packet_size_byte=1500;lambda_mode=flow_per_pair_rate_mbps
277,629,655,10000,42439486311,45501867807,3062381496,10000,YES,slot=424;src=629;dst=655;rate_mbps=0.005;flow_size_byte=10000;packet_lambda_per_s=None;packet_size_byte=1500;lambda_mode=flow_per_pair_rate_mbps
